{   
    "default" : {
        "name": "default",
        "char": " ",
        "size": [1, 1],
        "color": 1,
        "is_solid": false,
        "is_bonus": false,
        "is_enemy": false
    },
    "blocks": [
        {
            "name": "air"
        },
        {
            "name": "wall",
            "char": "#",
            "color": 2,
            "is_solid": true
        },
        {
            "name": "player",
            "char": "@",
            "color": 3
        },
        {
            "name": "start",
            "char": " ",
            "color": 3
        },
        {
            "name": "exit",
            "char": "E",
            "color": 3
        }
    ],
    "unused": [

    ]
}
