[
    {
        "height": 4,
        "width": 5,
        "start": [0, 0],
        "end":[1,3],
        "block_names": [
            "start",
            "wall",
            "wall",
            "wall",
            "wall",
            "air",
            "air",
            "wall",
            "exit",
            "wall",
            "air",
            "wall",
            "wall",
            "air",
            "wall",
            "air",
            "air",
            "air",
            "air",
            "air"
        ]
    }
]
