{
    "default": {
        "name": "default",
        "char": "#",
        "size": [
            2,
            4
        ],
        "color": 1,
        "is_solid": false
    },
    "blocks": [
        {
            "name": "air",
            "char": " ",
            "color": 1
        },
        {
            "name": "wall",
            "char": "#",
            "color": 2,
            "is_solid": true
        },
        {
            "name": "player",
            "char": "@",
            "color": 3
        },
        {
            "name": "start",
            "char": " ",
            "color": 3
        },
        {
            "name": "end",
            "char": "E",
            "color": 3
        },
        {
            "name": "bonus",
            "char": "$",
            "color": 3
        },
        {
            "name": "chaser",
            "char": "G",
            "color": 4
        },
        {
            "name": "warning",
            "char": " ",
            "color": 5
        },
        {
            "name": "box",
            "char": "#",
            "color": 6,
            "is_solid": true
        }
    ]
}