{
    "start": {
        "height": 10,
        "width": 80,
        "texts": [
            {
                "content": "    __  ______ _____   ______   ____  __  ___   ___   ____________ ________",
                "line": 1,
                "align": true
            },
            {
                "content": "   /  |/  /   /__  /  / ____/  / __ \\/ / / / | / / | / / ____/ __ \\ ____    ",
                "line": 2,
                "align": true
            },
            {
                "content": "  / /|_/ / /| | / /  / __/    / /_/ / / / /  |/ /  |/ / __/ / /_/ / ______ ",
                "line": 3,
                "align": true
            },
            {
                "content": " / /  / / ___ |/ /__/ /___   / _, _/ /_/ / /|  / /|  / /___/ _, _/ ___     ",
                "line": 4,
                "align": true
            },
            {
                "content": "/_/  /_/_/  |_/____/_____/  /_/ |_|\\____/_/ |_/_/ |_/_____/_/ |_| _______  ",
                "line": 5,
                "align": true
            },
            {
                "content": "  ***********************************************************  ",
                "line": 6,
                "align": true
            },
            {
                "content": "--------  PRESS T For Tutorial  --------",
                "line": 8,
                "align": true
            },
            {
                "content": "------ Choose a Map[1-9] ------",
                "line": 9,
                "align": true
            },
            {
                "content": "---   PRESS Q To Quit   ---",
                "line": 10,
                "align": true
            }
        ]
    },
    "tutorial": {
        "height": 25,
        "width": 60,
        "texts": [
            {
                "content": "THE FOLLOWING ARE THE BLOCKS PRESENTED IN THE MAZES",
                "line": 1,
                "align": true
            },
            {
                "content": " ",
                "line": 2,
                "indent": 4,
                "color": 1
            },
            {
                "content": "AIR: Can Go There",
                "line": 2,
                "indent": 8
            },
            {
                "content": "#",
                "line": 3,
                "indent": 4,
                "color": 2
            },
            {
                "content": "WALL: Can't Go There",
                "line": 3,
                "indent": 8
            },
            {
                "content": "@",
                "line": 4,
                "indent": 4,
                "color": 3
            },
            {
                "content": "THE PLAYER: Controlled by WASD",
                "line": 4,
                "indent": 8
            },
            {
                "content": " ",
                "line": 5,
                "indent": 4,
                "color": 3
            },
            {
                "content": "THE START",
                "line": 5,
                "indent": 8
            },
            {
                "content": "E",
                "line": 6,
                "indent": 4,
                "color": 3
            },
            {
                "content": "EXIT OF THE MAZE",
                "line": 6,
                "indent": 8
            },
            {
                "content": "$",
                "line": 7,
                "indent": 4,
                "color": 3
            },
            {
                "content": "!BONUS SCORES!: Get More to Score Higher",
                "line": 7,
                "indent": 8
            },
            {
                "content": "G",
                "line": 8,
                "indent": 4,
                "color": 4
            },
            {
                "content": "GRIEVER: Will Chase You !Dont Get Caught!",
                "line": 8,
                "indent": 8
            },
            {
                "content": " ",
                "line": 9,
                "indent": 4,
                "color": 5
            },
            {
                "content": "PATH OF GRIEVER",
                "line": 9,
                "indent": 8
            },
            {
                "content": "!Only GREIVERS with FIXED routes show their paths",
                "line": 10,
                "indent": 9
            },
            {
                "content": "#",
                "line": 11,
                "indent": 4,
                "color": 6
            },
            {
                "content": "PUSHABLE BLOCK",
                "line": 11,
                "indent": 8
            },
            {
                "content": "In each maze:",
                "line": 12,
                "indent": 4
            },
            {
                "content": "Press R to Retry",
                "line": 13,
                "indent": 8
            },
            {
                "content": "Press Q to Quit",
                "line": 14,
                "indent": 8
            },
            {
                "content": "Press M to Back to Menu",
                "line": 15,
                "indent": 8
            },
            {
                "content": "Still confused?",
                "line": 17,
                "align": true
            },
            {
                "content": "No worries! Check the README.txt",
                "line": 18,
                "align": true
            },
            {
                "content": "OR",
                "line": 20,
                "align": true
            },
            {
                "content": "You can explore the rules as you play!",
                "line": 22,
                "align": true
            },
            {
                "content": "Good luck escaping...",
                "line": 23,
                "align": true
            },
            {
                "content": "PRESS C to Continue",
                "line": 25,
                "align": true
            }
        ]
    },
    "win": {
        "height": 15,
        "width": 40,
        "texts": [
            {
                "content": "ツ YOU HAVE ESCAPED FROM THE GREIVERS ツ",
                "line": 5,
                "align": true
            },
            {
                "content": "✩✩✩ %d STEPS TAKEN ✩✩✩",
                "line": 6,
                "align": true,
                "variable": true
            },
            {
                "content": "✩✩✩ SCORE: %d ✩✩✩",
                "line": 7,
                "align": true,
                "variable": true
            },
            {
                "content": "PRESS C To Continue →",
                "line": 9,
                "align": true
            },
            {
                "content": "PRESS R To Retry ⟳",
                "line": 10,
                "align": true
            },
             {
                "content": "PRESS M To Back to Menu",
                "line": 11,
                "align": true
            },
            {
                "content": "PRESS Q To Quit ↩",
                "line": 12,
                "align": true
            }
        ]
    },
    "lose": {
        "height": 15,
        "width": 40,
        "texts": [
            {
                "content": "☠ YOU GOT CAUGHT ☠",
                "line": 5,
                "align": true
            },
            {
                "content": "PRESS R To Retry ⟳",
                "line": 8,
                "align": true
            },
            {
                "content": "PRESS M To Back to Menu",
                "line": 9,
                "align": true
            },
            {
                "content": "PRESS Q To Quit ↩",
                "line": 10,
                "align": true
            }
        ]
    },
    "final": {
        "height": 10,
        "width": 50,
        "texts": [
            {
                "content": "ツ CONGRATS YOU HAVE ESCAPED FROM ALL THE MAZES ツ",
                "line": 4,
                "align": true
            },
            {
                "content": "✩✩✩ YOU WON %d TIMES ✩✩✩",
                "line": 5,
                "align": true,
                "variable": true
            },
            {
                "content": " ✩✩ YOU LOST %d TIMES ✩✩ ",
                "line": 6,
                "align": true,
                "variable": true
            },
            {
                "content": " ✩✩ YOU USED %d STEPS IN TOTAL ✩✩ ",
                "line": 7,
                "align": true,
                "variable": true
            },
            {
                "content": "✩✩✩ YOU GOT %d SCORES IN TOTAL ✩✩✩",
                "line": 8,
                "align": true,
                "variable": true
            },
            {
                "content": "PRESS M To Start Menu ⟳",
                "line": 10,
                "align": true
            },
            {
                "content": "PRESS Q To Quit ↩",
                "line": 11,
                "align": true
            }
        ]
    }
}
